passage_id,layer,num_removed,exact_match,first_divergence_idx
0,0,20,False,0
0,1,20,False,0
0,2,20,False,0
0,3,20,False,0
0,4,20,False,2
0,5,20,False,0
0,6,20,False,0
0,7,20,False,0
0,8,20,False,0
0,9,20,False,0
0,10,20,False,0
0,11,20,False,0
0,12,20,False,0
0,13,20,False,0
0,14,20,False,0
0,15,20,False,0
0,16,20,False,0
0,17,20,False,0
0,18,20,False,0
0,19,20,False,1
0,20,20,False,0
0,21,20,False,0
0,22,20,False,0
0,23,20,False,0
0,24,20,False,2
0,25,20,False,0
0,26,20,False,1
0,27,20,False,0
0,28,20,False,0
0,29,20,False,0
0,30,20,False,0
0,31,20,False,0
0,32,20,False,0
0,33,20,False,0
0,34,20,False,0
1,0,20,False,1
1,1,20,False,9
1,2,20,False,1
1,3,20,False,4
1,4,20,False,9
1,5,20,False,7
1,6,20,False,0
1,7,20,False,7
1,8,20,False,5
1,9,20,False,9
1,10,20,False,0
1,11,20,False,9
1,12,20,False,1
1,13,20,False,1
1,14,20,False,0
1,15,20,False,0
1,16,20,False,1
1,17,20,False,1
1,18,20,False,7
1,19,20,False,6
1,20,20,False,7
1,21,20,False,1
1,22,20,False,1
1,23,20,False,7
1,24,20,False,1
1,25,20,False,1
1,26,20,False,4
1,27,20,False,1
1,28,20,False,7
1,29,20,False,1
1,30,20,False,0
1,31,20,False,1
1,32,20,False,1
1,33,20,False,7
1,34,20,False,1
2,0,20,False,6
2,1,20,False,1
2,2,20,False,1
2,3,20,False,6
2,4,20,False,3
2,5,20,False,1
2,6,20,False,3
2,7,20,False,3
2,8,20,False,0
2,9,20,False,6
2,10,20,False,1
2,11,20,False,6
2,12,20,False,1
2,13,20,False,1
2,14,20,False,3
2,15,20,False,4
2,16,20,False,4
2,17,20,False,1
2,18,20,False,1
2,19,20,False,6
2,20,20,False,1
2,21,20,False,1
2,22,20,False,4
2,23,20,False,1
2,24,20,False,1
2,25,20,False,1
2,26,20,False,1
2,27,20,False,4
2,28,20,False,1
2,29,20,False,6
2,30,20,False,1
2,31,20,False,1
2,32,20,False,1
2,33,20,False,1
2,34,20,False,1
3,0,20,False,0
3,1,20,False,0
3,2,20,False,0
3,3,20,False,0
3,4,20,False,0
3,5,20,False,0
3,6,20,False,1
3,7,20,False,0
3,8,20,False,0
3,9,20,False,0
3,10,20,False,0
3,11,20,False,0
3,12,20,False,0
3,13,20,False,0
3,14,20,False,0
3,15,20,False,0
3,16,20,False,0
3,17,20,False,0
3,18,20,False,0
3,19,20,False,0
3,20,20,False,0
3,21,20,False,0
3,22,20,False,0
3,23,20,False,0
3,24,20,False,0
3,25,20,False,0
3,26,20,False,0
3,27,20,False,0
3,28,20,False,0
3,29,20,False,0
3,30,20,False,0
3,31,20,False,0
3,32,20,False,0
3,33,20,False,0
3,34,20,False,0
4,0,20,False,16
4,1,20,False,0
4,2,20,False,2
4,3,20,False,0
4,4,20,False,0
4,5,20,False,5
4,6,20,False,0
4,7,20,False,0
4,8,20,False,15
4,9,20,False,4
4,10,20,False,5
4,11,20,False,4
4,12,20,False,0
4,13,20,False,15
4,14,20,False,0
4,15,20,False,1
4,16,20,False,20
4,17,20,False,1
4,18,20,False,0
4,19,20,False,5
4,20,20,False,0
4,21,20,False,0
4,22,20,False,9
4,23,20,False,8
4,24,20,False,0
4,25,20,False,0
4,26,20,False,5
4,27,20,False,16
4,28,20,False,2
4,29,20,False,0
4,30,20,False,4
4,31,20,False,16
4,32,20,False,2
4,33,20,False,15
4,34,20,False,0
5,0,20,False,0
5,1,20,False,0
5,2,20,False,1
5,3,20,True,5
5,4,20,True,5
5,5,20,False,0
5,6,20,False,0
5,7,20,False,0
5,8,20,False,0
5,9,20,False,1
5,10,20,False,0
5,11,20,False,0
5,12,20,False,0
5,13,20,False,0
5,14,20,False,0
5,15,20,False,0
5,16,20,False,1
5,17,20,False,1
5,18,20,False,0
5,19,20,False,0
5,20,20,False,4
5,21,20,False,2
5,22,20,False,3
5,23,20,False,0
5,24,20,False,1
5,25,20,False,0
5,26,20,False,0
5,27,20,False,0
5,28,20,False,4
5,29,20,False,1
5,30,20,False,3
5,31,20,False,0
5,32,20,False,2
5,33,20,False,0
5,34,20,False,0
6,0,20,False,6
6,1,20,False,0
6,2,20,False,3
6,3,20,False,0
6,4,20,True,30
6,5,20,True,30
6,6,20,False,3
6,7,20,False,3
6,8,20,False,0
6,9,20,False,6
6,10,20,False,3
6,11,20,False,1
6,12,20,False,0
6,13,20,False,0
6,14,20,False,3
6,15,20,False,3
6,16,20,False,1
6,17,20,False,1
6,18,20,False,3
6,19,20,False,0
6,20,20,False,0
6,21,20,False,0
6,22,20,False,6
6,23,20,False,0
6,24,20,False,0
6,25,20,False,0
6,26,20,False,0
6,27,20,False,1
6,28,20,False,0
6,29,20,False,0
6,30,20,False,0
6,31,20,False,3
6,32,20,True,30
6,33,20,False,0
6,34,20,False,0
7,0,20,False,0
7,1,20,True,30
7,2,20,False,28
7,3,20,True,30
7,4,20,True,30
7,5,20,True,30
7,6,20,False,8
7,7,20,False,12
7,8,20,False,12
7,9,20,True,30
7,10,20,False,9
7,11,20,False,9
7,12,20,False,1
7,13,20,False,18
7,14,20,True,30
7,15,20,True,30
7,16,20,False,9
7,17,20,False,9
7,18,20,False,9
7,19,20,True,30
7,20,20,False,25
7,21,20,False,0
7,22,20,True,30
7,23,20,False,25
7,24,20,True,30
7,25,20,True,30
7,26,20,False,0
7,27,20,True,30
7,28,20,False,25
7,29,20,True,30
7,30,20,True,30
7,31,20,True,30
7,32,20,False,25
7,33,20,False,25
7,34,20,True,30
8,0,20,True,30
8,1,20,True,30
8,2,20,True,30
8,3,20,True,30
8,4,20,True,30
8,5,20,True,30
8,6,20,True,30
8,7,20,False,0
8,8,20,True,30
8,9,20,False,0
8,10,20,False,0
8,11,20,False,0
8,12,20,False,0
8,13,20,True,30
8,14,20,True,30
8,15,20,False,0
8,16,20,False,0
8,17,20,True,30
8,18,20,False,0
8,19,20,True,30
8,20,20,False,0
8,21,20,False,0
8,22,20,True,30
8,23,20,True,30
8,24,20,False,0
8,25,20,False,0
8,26,20,True,30
8,27,20,True,30
8,28,20,False,0
8,29,20,False,0
8,30,20,True,30
8,31,20,True,30
8,32,20,True,30
8,33,20,True,30
8,34,20,False,0
9,0,20,False,0
9,1,20,False,0
9,2,20,True,30
9,3,20,False,0
9,4,20,True,30
9,5,20,True,30
9,6,20,True,30
9,7,20,False,0
9,8,20,True,30
9,9,20,True,30
9,10,20,True,30
9,11,20,False,0
9,12,20,True,30
9,13,20,True,30
9,14,20,False,0
9,15,20,False,0
9,16,20,False,0
9,17,20,False,0
9,18,20,True,30
9,19,20,False,0
9,20,20,False,1
9,21,20,True,30
9,22,20,False,0
9,23,20,True,30
9,24,20,True,30
9,25,20,False,0
9,26,20,False,0
9,27,20,True,30
9,28,20,False,0
9,29,20,True,30
9,30,20,True,30
9,31,20,False,0
9,32,20,False,0
9,33,20,False,0
9,34,20,False,0
10,0,20,False,0
10,1,20,False,0
10,2,20,False,0
10,3,20,False,3
10,4,20,False,0
10,5,20,False,7
10,6,20,False,1
10,7,20,False,0
10,8,20,False,0
10,9,20,False,0
10,10,20,False,7
10,11,20,False,0
10,12,20,False,0
10,13,20,False,1
10,14,20,False,0
10,15,20,False,0
10,16,20,False,0
10,17,20,False,7
10,18,20,False,0
10,19,20,False,13
10,20,20,False,1
10,21,20,False,1
10,22,20,False,1
10,23,20,False,0
10,24,20,False,0
10,25,20,False,7
10,26,20,False,1
10,27,20,False,0
10,28,20,False,0
10,29,20,False,3
10,30,20,False,11
10,31,20,False,1
10,32,20,False,1
10,33,20,False,0
10,34,20,False,0
11,0,20,False,1
11,1,20,False,1
11,2,20,False,3
11,3,20,False,3
11,4,20,False,2
11,5,20,False,3
11,6,20,True,30
11,7,20,False,1
11,8,20,False,6
11,9,20,False,3
11,10,20,False,1
11,11,20,False,6
11,12,20,False,6
11,13,20,False,6
11,14,20,False,6
11,15,20,False,6
11,16,20,False,6
11,17,20,False,6
11,18,20,False,6
11,19,20,False,6
11,20,20,False,1
11,21,20,False,1
11,22,20,False,1
11,23,20,False,6
11,24,20,False,2
11,25,20,False,1
11,26,20,False,1
11,27,20,False,6
11,28,20,False,6
11,29,20,False,3
11,30,20,True,30
11,31,20,False,6
11,32,20,False,6
11,33,20,False,3
11,34,20,False,1
12,0,20,False,0
12,1,20,False,0
12,2,20,False,0
12,3,20,False,0
12,4,20,False,0
12,5,20,False,0
12,6,20,False,0
12,7,20,False,0
12,8,20,False,0
12,9,20,False,0
12,10,20,False,0
12,11,20,False,0
12,12,20,False,0
12,13,20,False,0
12,14,20,False,0
12,15,20,False,0
12,16,20,False,0
12,17,20,False,0
12,18,20,False,0
12,19,20,False,0
12,20,20,False,0
12,21,20,False,0
12,22,20,False,0
12,23,20,False,0
12,24,20,False,0
12,25,20,False,0
12,26,20,False,0
12,27,20,False,0
12,28,20,False,0
12,29,20,False,0
12,30,20,False,0
12,31,20,False,0
12,32,20,False,0
12,33,20,False,0
12,34,20,False,0
13,0,20,False,0
13,1,20,False,0
13,2,20,False,1
13,3,20,False,8
13,4,20,False,0
13,5,20,False,7
13,6,20,False,7
13,7,20,False,7
13,8,20,False,0
13,9,20,False,0
13,10,20,False,1
13,11,20,False,1
13,12,20,False,0
13,13,20,False,0
13,14,20,False,0
13,15,20,False,0
13,16,20,False,1
13,17,20,False,0
13,18,20,False,0
13,19,20,False,1
13,20,20,False,0
13,21,20,False,1
13,22,20,False,1
13,23,20,False,0
13,24,20,False,0
13,25,20,False,0
13,26,20,False,1
13,27,20,False,0
13,28,20,False,0
13,29,20,False,0
13,30,20,False,1
13,31,20,False,0
13,32,20,False,1
13,33,20,False,0
13,34,20,False,0
14,0,20,False,1
14,1,20,False,0
14,2,20,False,1
14,3,20,False,2
14,4,20,False,0
14,5,20,False,0
14,6,20,False,0
14,7,20,False,0
14,8,20,False,0
14,9,20,False,0
14,10,20,False,0
14,11,20,False,0
14,12,20,False,0
14,13,20,False,3
14,14,20,False,2
14,15,20,False,2
14,16,20,False,2
14,17,20,False,3
14,18,20,False,3
14,19,20,False,2
14,20,20,False,2
14,21,20,False,2
14,22,20,False,7
14,23,20,False,2
14,24,20,False,3
14,25,20,False,7
14,26,20,False,3
14,27,20,False,2
14,28,20,False,2
14,29,20,False,2
14,30,20,False,2
14,31,20,False,2
14,32,20,False,2
14,33,20,False,0
14,34,20,False,2
15,0,20,False,0
15,1,20,False,0
15,2,20,False,0
15,3,20,False,0
15,4,20,False,0
15,5,20,False,0
15,6,20,False,0
15,7,20,False,0
15,8,20,False,0
15,9,20,False,0
15,10,20,False,0
15,11,20,False,0
15,12,20,False,0
15,13,20,False,0
15,14,20,False,0
15,15,20,False,0
15,16,20,False,0
15,17,20,False,0
15,18,20,False,0
15,19,20,False,0
15,20,20,False,0
15,21,20,False,0
15,22,20,False,0
15,23,20,False,0
15,24,20,False,0
15,25,20,False,0
15,26,20,False,0
15,27,20,False,0
15,28,20,False,0
15,29,20,False,0
15,30,20,False,0
15,31,20,False,0
15,32,20,False,0
15,33,20,False,0
15,34,20,False,0
16,0,20,False,0
16,1,20,False,0
16,2,20,False,0
16,3,20,False,0
16,4,20,False,0
16,5,20,False,1
16,6,20,False,0
16,7,20,False,0
16,8,20,False,1
16,9,20,False,0
16,10,20,False,0
16,11,20,False,0
16,12,20,False,0
16,13,20,False,0
16,14,20,False,0
16,15,20,False,0
16,16,20,False,0
16,17,20,False,1
16,18,20,False,0
16,19,20,False,0
16,20,20,False,0
16,21,20,False,0
16,22,20,False,1
16,23,20,False,1
16,24,20,False,0
16,25,20,False,0
16,26,20,False,1
16,27,20,False,0
16,28,20,False,0
16,29,20,False,0
16,30,20,False,0
16,31,20,False,1
16,32,20,False,0
16,33,20,False,0
16,34,20,False,0
17,0,20,False,0
17,1,20,False,2
17,2,20,False,2
17,3,20,False,1
17,4,20,False,2
17,5,20,False,2
17,6,20,False,0
17,7,20,False,0
17,8,20,False,0
17,9,20,False,2
17,10,20,False,0
17,11,20,False,1
17,12,20,False,2
17,13,20,False,0
17,14,20,False,2
17,15,20,False,2
17,16,20,False,2
17,17,20,False,2
17,18,20,False,0
17,19,20,False,0
17,20,20,False,0
17,21,20,False,2
17,22,20,False,2
17,23,20,False,0
17,24,20,False,1
17,25,20,False,1
17,26,20,False,2
17,27,20,False,2
17,28,20,False,2
17,29,20,False,1
17,30,20,False,1
17,31,20,False,2
17,32,20,False,2
17,33,20,False,2
17,34,20,False,1
18,0,20,True,30
18,1,20,True,30
18,2,20,False,1
18,3,20,False,1
18,4,20,True,30
18,5,20,False,3
18,6,20,False,1
18,7,20,False,1
18,8,20,False,3
18,9,20,False,3
18,10,20,False,1
18,11,20,False,0
18,12,20,False,3
18,13,20,False,3
18,14,20,False,0
18,15,20,False,0
18,16,20,False,0
18,17,20,False,3
18,18,20,False,3
18,19,20,False,0
18,20,20,False,0
18,21,20,False,0
18,22,20,False,0
18,23,20,False,0
18,24,20,False,0
18,25,20,False,1
18,26,20,False,3
18,27,20,False,3
18,28,20,False,0
18,29,20,False,21
18,30,20,False,0
18,31,20,False,1
18,32,20,False,3
18,33,20,True,30
18,34,20,True,30
19,0,20,False,0
19,1,20,False,0
19,2,20,False,0
19,3,20,False,0
19,4,20,False,1
19,5,20,False,0
19,6,20,False,0
19,7,20,False,0
19,8,20,False,0
19,9,20,False,0
19,10,20,False,0
19,11,20,False,0
19,12,20,False,0
19,13,20,False,0
19,14,20,False,0
19,15,20,False,0
19,16,20,False,0
19,17,20,False,0
19,18,20,False,0
19,19,20,False,0
19,20,20,False,0
19,21,20,False,0
19,22,20,False,0
19,23,20,False,0
19,24,20,False,0
19,25,20,False,0
19,26,20,False,0
19,27,20,False,0
19,28,20,False,0
19,29,20,False,0
19,30,20,False,0
19,31,20,False,0
19,32,20,False,0
19,33,20,False,0
19,34,20,False,0
20,0,20,False,0
20,1,20,False,0
20,2,20,False,0
20,3,20,False,0
20,4,20,False,0
20,5,20,False,0
20,6,20,False,0
20,7,20,False,1
20,8,20,False,0
20,9,20,False,0
20,10,20,False,0
20,11,20,False,0
20,12,20,False,0
20,13,20,False,0
20,14,20,False,0
20,15,20,False,1
20,16,20,False,0
20,17,20,False,0
20,18,20,False,0
20,19,20,False,0
20,20,20,False,0
20,21,20,False,0
20,22,20,False,0
20,23,20,False,0
20,24,20,False,0
20,25,20,False,0
20,26,20,False,0
20,27,20,False,1
20,28,20,False,0
20,29,20,False,0
20,30,20,False,1
20,31,20,False,0
20,32,20,False,0
20,33,20,False,0
20,34,20,False,1
21,0,20,False,0
21,1,20,False,0
21,2,20,False,0
21,3,20,False,0
21,4,20,False,0
21,5,20,False,0
21,6,20,False,0
21,7,20,False,0
21,8,20,False,0
21,9,20,False,0
21,10,20,False,0
21,11,20,False,0
21,12,20,False,0
21,13,20,False,0
21,14,20,False,0
21,15,20,False,0
21,16,20,False,0
21,17,20,False,0
21,18,20,False,2
21,19,20,False,0
21,20,20,False,0
21,21,20,False,0
21,22,20,False,0
21,23,20,False,2
21,24,20,False,0
21,25,20,False,2
21,26,20,False,0
21,27,20,False,0
21,28,20,False,1
21,29,20,False,0
21,30,20,False,0
21,31,20,False,0
21,32,20,False,0
21,33,20,False,0
21,34,20,False,0
22,0,20,False,0
22,1,20,False,1
22,2,20,False,2
22,3,20,False,1
22,4,20,False,0
22,5,20,False,0
22,6,20,False,0
22,7,20,False,0
22,8,20,False,0
22,9,20,False,0
22,10,20,False,0
22,11,20,False,0
22,12,20,True,30
22,13,20,False,0
22,14,20,False,0
22,15,20,False,0
22,16,20,False,0
22,17,20,False,0
22,18,20,False,0
22,19,20,False,0
22,20,20,False,0
22,21,20,True,30
22,22,20,False,0
22,23,20,False,0
22,24,20,False,0
22,25,20,False,0
22,26,20,False,0
22,27,20,True,30
22,28,20,False,0
22,29,20,False,0
22,30,20,False,1
22,31,20,False,1
22,32,20,False,1
22,33,20,False,0
22,34,20,False,0
23,0,20,False,0
23,1,20,False,0
23,2,20,False,0
23,3,20,False,0
23,4,20,False,0
23,5,20,False,0
23,6,20,False,0
23,7,20,False,2
23,8,20,False,0
23,9,20,False,0
23,10,20,False,2
23,11,20,False,2
23,12,20,False,5
23,13,20,False,2
23,14,20,False,2
23,15,20,False,0
23,16,20,False,0
23,17,20,False,0
23,18,20,False,2
23,19,20,False,0
23,20,20,False,1
23,21,20,False,1
23,22,20,False,2
23,23,20,False,0
23,24,20,False,0
23,25,20,False,2
23,26,20,False,5
23,27,20,False,5
23,28,20,True,30
23,29,20,False,0
23,30,20,False,2
23,31,20,False,2
23,32,20,False,5
23,33,20,False,0
23,34,20,False,0
24,0,20,False,3
24,1,20,False,3
24,2,20,False,2
24,3,20,False,2
24,4,20,False,0
24,5,20,False,0
24,6,20,False,3
24,7,20,False,0
24,8,20,False,7
24,9,20,False,0
24,10,20,False,3
24,11,20,False,0
24,12,20,False,0
24,13,20,False,0
24,14,20,False,0
24,15,20,False,29
24,16,20,False,7
24,17,20,False,7
24,18,20,False,7
24,19,20,False,1
24,20,20,False,3
24,21,20,False,0
24,22,20,False,8
24,23,20,False,13
24,24,20,False,1
24,25,20,False,0
24,26,20,False,3
24,27,20,False,0
24,28,20,False,0
24,29,20,False,0
24,30,20,False,0
24,31,20,False,0
24,32,20,False,0
24,33,20,False,0
24,34,20,False,0
